Country Name,2011,2012,2013,2014,2015,2016,2017,2018,2019,2020
Aruba,24985.01392,24712.49326,26441.61994,26893.01151,28396.90842,28452.17061,29350.80502,30253.27936,,
Africa Eastern and Southern,1686.695763,1672.363658,1653.188436,1658.650062,1507.800256,1404.953164,1540.232473,1534.171767,1485.307425,1330.140232
Afghanistan,591.1627983,641.871438,637.165464,613.8565052,578.4663529,509.2201005,519.8889126,493.7565814,507.1033919,508.8084095
Africa Western and Central,1827.518347,1936.390962,2123.392433,2166.743309,1886.248158,1666.422406,1606.978332,1695.959215,1772.339155,1714.4268
Angola,4615.468219,5100.097027,5254.881126,5408.4117,4166.979833,3506.073128,4095.810057,3289.643995,2809.626088,1895.770869
Albania,4437.142885,4247.629984,4413.060861,4578.631994,3952.801215,4124.055726,4531.020806,5284.380184,5355.847795,5215.276752
Andorra,43334.81141,38686.46126,39540.72481,41303.92937,35770.7767,37475.63506,38964.90448,41791.96984,40897.33087,
Arab World,6695.858477,7265.966351,7314.827201,7247.972778,6185.08363,5938.791328,5941.064594,6402.380811,6403.540772,5654.950574
United Arab Emirates,39194.67224,40976.49075,42412.6395,43751.80565,38663.4005,38141.86713,40644.79119,43839.32449,43103.33629,
Argentina,12848.8642,13082.66433,13080.25473,12334.79825,13789.06042,12790.24247,14613.04182,11633.49801,9912.281809,8441.919439
Armenia,3525.807198,3681.844691,3838.17388,3986.231624,3607.289299,3591.828052,3914.527854,4220.540321,4622.738182,4267.452119
American Samoa,10223.29836,11496.5241,11450.7242,11525.15639,12059.63516,12038.2497,11003.82976,11557.67116,11534.56754,
Antigua and Barbuda,12746.63347,13272.73494,12910.59063,13501.58092,14285.32978,15198.74297,15383.5764,16673.4369,17113.34977,14449.99652
Australia,62517.83375,68012.1479,68150.10704,62510.79117,56755.72171,49971.13146,54027.96682,57354.96405,55057.2047,51812.15404
Austria,51374.95841,48567.69529,50716.70871,51717.49594,44178.04738,45276.83144,47309.36627,51453.14702,50121.55421,48327.63111
Azerbaijan,7189.691229,7496.294648,7875.756953,7891.313147,5500.310382,3880.738731,4147.089716,4739.84171,4805.753718,4214.311336
Burundi,249.5779728,252.3588663,256.9756471,274.8578422,305.549646,282.1930285,292.9980095,271.7524964,261.2452912,274.0095232
Belgium,47348.52502,44673.11588,46744.66254,47700.54036,40991.80814,41984.10303,44089.31009,47554.74631,46414.43523,44594.37811
Benin,1130.27319,1145.140019,1251.209707,1291.410107,1076.796702,1087.287304,1136.59397,1240.830962,1219.515479,1291.040962
Burkina Faso,751.1727704,758.000427,787.4694383,792.8462374,653.3272681,688.2506963,734.996268,813.0996894,786.8954377,830.9251446
Bangladesh,861.7621622,883.1171296,981.8608514,1118.873808,1248.45331,1401.564635,1563.767819,1698.132081,1855.69151,1968.792225
Bulgaria,7809.425062,7395.849803,7655.129708,7876.866465,7055.935673,7548.855007,8334.081728,9427.73043,9828.148515,9975.780001
Bahrain,22514.20272,23654.36959,24744.29696,24989.43753,22634.08565,22608.45256,23742.93734,23991.04139,23443.43483,
"Bahamas, The",28005.9124,29485.86422,28784.02449,29980.70826,31295.56387,31563.30787,32719.66659,33767.94119,34863.38405,28607.90138
Bosnia and Herzegovina,5092.554725,4778.636088,5131.404646,5329.631984,4727.276333,4994.68904,5394.579953,6072.184623,6120.112626,6031.556869
Belarus,6519.230195,6940.159254,7978.872615,8318.51269,5949.106307,5022.626643,5761.74712,6330.075246,6839.103833,6411.227813
Belize,4423.496842,4505.600593,4568.641228,4718.436581,4770.232656,4856.973249,4945.857699,5001.422157,5078.809944,4435.621154
Bermuda,97774.16207,98431.86518,99471.6389,98467.68399,102005.6256,106885.8785,111820.5815,113023.1856,117098.4463,
Bolivia,2346.337844,2609.880562,2908.200371,3081.878824,3035.971655,3076.656439,3351.124344,3548.59078,3552.068144,3143.045494
Brazil,13245.61203,12370.02445,12300.32482,12112.58767,8814.001418,8710.096774,9928.643063,9151.445253,8897.48777,6796.844542
Barbados,16458.35321,16249.67395,16451.27931,16489.07224,16524.8995,16900.04829,17391.66891,17745.25537,18148.49785,15191.16404
Brunei Darussalam,47055.96064,47739.55769,44740.85942,41725.86752,31164.03625,27158.40565,28571.60829,31628.47626,31085.96189,27466.33964
Bhutan,2563.261224,2538.949519,2472.724753,2652.225654,2752.630172,2930.574923,3286.596744,3243.477437,3316.167022,3122.376062
Botswana,7617.310041,7050.573472,7224.912737,7780.634758,6799.870178,7243.933974,7893.418671,8279.818457,7970.796968,6710.990411
Central African Republic,551.7496918,565.8011645,380.2978928,424.449106,377.422919,402.1916349,450.900697,475.9538495,467.9080218,476.8511127
Canada,52223.69611,52669.08996,52635.17496,50955.99832,43596.13554,42315.60371,45129.35644,46454.74339,46326.67264,43258.17632
Central Europe and the Baltics,13905.64417,13012.84861,13711.23908,14152.05852,12511.58156,12820.40461,14237.9563,16033.35336,16307.9582,16103.4713
Switzerland,91254.03476,86547.67089,88109.48675,89684.70758,84776.14217,83073.28008,83352.08865,86388.40495,85334.51946,87097.03645
Channel Islands,,,,,,,,,,
Chile,14637.23344,15351.54074,15842.93648,14670.98891,13574.16924,13753.59215,14998.81706,15888.14436,14741.7144,13231.70421
China,5618.132267,6316.918318,7050.646271,7678.599486,8066.942635,8147.937705,8879.438667,9976.677137,10216.63033,10500.39562
Cote d'Ivoire,1208.583199,1243.273487,1415.871694,1561.464413,1972.545683,2013.381448,2111.026557,2314.050958,2276.332394,2325.723705
Cameroon,1405.094123,1354.54555,1465.63871,1542.620606,1327.502561,1364.32954,1425.106368,1534.492241,1507.449798,1499.372843
"Congo, Dem. Rep.",387.082477,424.6003738,457.9637475,486.7870951,497.3170391,471.3188225,467.0742317,557.0644117,580.7168605,556.8131853
"Congo, Rep.",3557.55617,3923.093509,3883.746848,3776.485568,2447.539308,2039.453223,2173.680253,2601.410483,2359.177309,1972.545246
Colombia,7335.166934,8050.255372,8218.347844,8114.343921,6175.87603,5870.777957,6376.706716,6729.583332,6424.979492,5332.773524
Comoros,1447.94527,1403.360421,1505.33722,1513.83039,1242.585682,1273.05092,1323.814958,1415.955164,1370.140123,1402.595489
Cabo Verde,3740.374103,3447.4831,3616.03557,3588.625584,3043.031382,3130.998753,3292.633503,3617.347445,3603.775241,3064.272388
Costa Rica,9229.834517,10075.00462,10744.09102,10847.16967,11642.77805,12011.22275,12225.57449,12468.57529,12669.70608,12076.81451
Caribbean small states,9920.910166,10187.30151,10306.88816,10377.11289,10116.51995,9560.194679,9810.470068,10250.43407,10355.40768,9192.767801
Cuba,6139.718783,6497.314764,6837.71168,7133.337679,7694.014637,8060.796598,8541.213686,8824.194008,9099.673146,
Curacao,20146.38641,20587.39736,20462.71795,20258.00969,19951.3279,19555.36585,19457.53152,19630.89349,19701.27038,
Cayman Islands,72329.66133,72777.14849,73514.66868,74990.43322,76284.19393,78471.62873,81513.16302,86059.73922,91392.64259,
Cyprus,32396.38574,28912.15694,27729.1927,27163.33297,23408.33668,24605.92083,26444.07438,29089.47133,28288.46158,26623.80089
Czech Republic,21871.26608,19870.80121,20133.16914,19890.91991,17829.69832,18575.23203,20636.19995,23419.73561,23660.14881,22932.22497
Germany,46644.77603,43858.36306,46285.76407,47959.99327,41086.72967,42107.51727,44542.2952,47950.18081,46794.89929,46208.42947
Djibouti,1451.548081,1559.240651,2312.720948,2464.297678,2658.964207,2802.181971,2914.374595,3141.879389,3414.935393,3425.50345
Dominica,7065.460372,6849.455933,7016.380071,7317.486143,7597.288894,8080.968623,7274.517731,7693.771453,8001.997095,6526.793215
Denmark,61753.64713,58507.50805,61191.1937,62548.98473,53254.85637,54663.99837,57610.09818,61591.92887,59775.7351,61063.31643
Dominican Republic,5913.426649,6110.366576,6238.132367,6608.825501,6921.520594,7280.88361,7609.353275,8050.644076,8282.117131,7268.19691
Algeria,5455.67903,5592.220115,5499.587331,5493.056663,4177.886892,3946.452425,4109.703442,4153.956234,3975.508993,3310.386534
East Asia & Pacific (excluding high income),4852.566116,5372.089949,5886.701367,6299.480953,6514.866345,6605.25392,7168.111007,7962.989944,8189.020316,8286.438787
Early-demographic dividend,3234.043473,3342.804304,3356.000249,3424.03534,3213.078444,3244.234042,3459.713344,3432.891607,3485.604626,3168.141819
East Asia & Pacific,8889.221192,9444.599259,9486.569822,9717.220548,9615.423201,9886.903947,10491.10612,11349.35537,11532.27544,11495.40995
Europe & Central Asia (excluding high income),9601.425309,10121.83497,10689.03919,9916.756704,7546.232996,7177.772237,8018.714138,8206.596661,8337.857422,7656.593919
Europe & Central Asia,26141.01068,25099.47492,26102.893,26335.22387,22583.85144,22404.90314,23623.12496,25237.84333,24842.02393,23877.79463
Ecuador,5200.555108,5682.046108,6056.331213,6377.093929,6124.490887,6060.092962,6213.503127,6295.934662,6222.524653,5600.389615
"Egypt, Arab Rep.",2791.810766,3229.68563,3262.657586,3379.557986,3562.932658,3519.87324,2444.290387,2537.125185,3019.092283,3547.870848
Euro area,40601.98371,37590.09548,39099.63802,39853.06477,34366.43432,35134.71691,37058.08226,40038.27489,39168.66307,37938.51812
Eritrea,642.5082588,,,,,,,,,
Spain,31636.44631,28324.42934,29059.54795,29461.55033,25732.01836,26505.34322,28100.58624,30349.7521,29555.3157,27063.19392
Estonia,17464.92008,17404.2008,19050.58592,20234.11742,17395.04062,18282.92339,20387.28315,23052.30126,23397.12001,23027.027
Ethiopia,354.4795719,467.0778718,499.5315302,566.9264029,640.5419231,717.1248698,768.5230154,771.5248663,855.7608852,936.3404611
European Union,35711.36181,33151.63211,34559.5394,35238.13978,30466.30022,31162.27355,33018.14294,35734.7629,35060.74641,34114.89528
Fragile and conflict affected situations,1963.444396,2204.406652,2265.68946,2401.917851,1870.607153,1664.827948,1665.603536,1744.874523,1818.83723,1609.247467
Finland,51081.99767,47710.79022,49878.04324,50260.29986,42784.69836,43784.28396,46297.49635,49964.49991,48678.31413,48773.28117
Fiji,4371.447385,4591.577015,4840.72727,5605.609148,5390.714207,5651.272721,6101.02389,6317.437799,6175.874841,4881.526069
France,43790.72602,40874.70039,42592.93539,43011.2631,36638.18493,37037.37419,38685.25849,41572.48501,40578.64429,39030.36037
Faroe Islands,52092.60338,49459.71723,54843.31929,59433.83457,52400.29728,56854.10265,59993.09063,62918.14619,64225.2649,
"Micronesia, Fed. Sts.",3009.256825,3131.386715,2994.792394,2971.512602,2906.617012,3014.700358,3289.642117,3568.291016,3585.423202,
Gabon,10809.68495,9813.505747,9683.58162,9663.42411,7384.700704,6984.419712,7230.434912,7956.627816,7767.016979,7005.879097
United Kingdom,42047.61425,42449.10767,43401.31053,47452.19914,45039.23595,41048.34966,40304.72308,42992.80372,42354.41465,40284.63846
Georgia,4021.743306,4421.818242,4623.745725,4739.188338,4014.185944,4062.169888,4357.000936,4722.787783,4697.983652,4278.860771
Ghana,1549.462719,1587.560932,2361.090324,1899.668336,1705.575082,1913.473536,2020.68179,2194.232477,2210.355923,2328.534642
Gibraltar,,,,,,,,,,
Guinea,651.1361134,717.0505359,769.0031667,787.2385644,769.2554754,732.2915119,855.5752706,955.1112811,1058.143368,1194.037865
"Gambia, The",762.7631177,742.7776286,700.5160422,607.4299047,660.7235712,690.7804932,679.7550717,732.7207273,777.8152452,787.0064509
Guinea-Bissau,703.6605673,616.375664,634.6620391,623.3130914,603.3993815,661.4578387,738.5499449,802.7673851,749.453747,727.5201717
Equatorial Guinea,21641.6939,21711.15159,20390.73727,19394.08066,11283.39805,9250.316493,9667.857801,10005.61679,8419.933336,7143.238705
Greece,25450.53412,21915.19132,21749.15248,21601.7764,18050.09761,17885.39281,18562.22943,19765.99645,19150.7862,17676.19248
Grenada,7291.74167,7444.089075,7789.632355,8370.040472,9096.538652,9628.172843,10152.83281,10486.37759,10815.91136,9680.175825
Greenland,47186.98147,45936.76595,47535.58995,50484.92757,44536.40131,48181.87419,50321.36875,54470.95639,,
Guatemala,3228.045741,3355.036919,3522.773706,3779.642336,3994.636913,4173.301666,4454.04815,4478.424646,4638.634943,4603.339617
Guam,31210.47029,32908.30677,33656.45357,34843.20557,35829.25036,36214.00692,36601.91988,36502.38282,37723.78134,
Guyana,4908.567014,5378.81197,5489.142758,5407.153711,5576.82607,5811.397924,6124.95367,6145.818743,6609.510431,6955.939217
High income,42323.08394,42116.65257,42368.4861,43033.37801,40444.06812,41079.52233,42714.14739,45192.70403,45406.63377,43952.65564
"Hong Kong SAR, China",35142.48793,36730.8767,38403.77771,40315.28556,42431.88828,43731.10682,46165.85651,48542.68187,48354.47337,46323.86344
Honduras,2088.315547,2144.342363,2102.592449,2206.054397,2302.204411,2342.584904,2453.727115,2510.322943,2574.356751,2405.732848
Heavily indebted poor countries (HIPC),854.8701479,874.9960339,947.7746777,973.7591211,929.8430141,912.1801414,947.233117,982.7632666,987.7066737,976.1257266
Croatia,14609.52435,13258.35985,13674.4178,13599.40978,11781.73479,12361.48383,13451.62495,15014.08502,14944.35622,13828.4695
Haiti,1287.954058,1337.336475,1393.956085,1402.100289,1389.119779,1265.986932,1294.239628,1435.350852,1272.490699,1176.75582
Hungary,14216.16561,12950.68652,13687.51406,14267.01215,12706.89121,13090.50673,14605.85435,16411.44111,16733.32217,15899.14828
IBRD only,5288.461865,5567.74639,5824.770745,5965.710751,5538.048706,5530.836972,6048.908087,6366.934808,6461.789237,6141.175638
IDA & IBRD total,4301.068171,4517.519752,4724.883083,4835.301693,4492.34504,4462.185318,4842.751482,5077.653446,5142.094637,4882.353412
IDA total,1140.175864,1197.223758,1290.676334,1349.890202,1308.856432,1250.923699,1266.013812,1306.901308,1337.76133,1306.947649
IDA blend,1721.445534,1859.740421,1972.596895,2068.872068,1949.18058,1773.844239,1712.650913,1747.506594,1758.035927,1664.260131
Indonesia,3643.047176,3694.35934,3623.927241,3491.637491,3331.695115,3562.816334,3837.578024,3893.859578,4135.201531,3869.588427
IDA only,848.0643254,863.4572641,946.7346938,986.6863761,985.1674619,987.208315,1041.588488,1085.742028,1127.588609,1129.781415
Isle of Man,77349.22524,79148.33225,83357.13268,92334.64631,85126.97047,82197.12677,83477.83429,89112.66772,,
India,1458.104066,1443.882435,1449.610451,1573.885642,1605.605445,1732.554242,1980.66702,1996.915087,2100.751461,1900.70681
Not classified,,,,,,,,,,
Ireland,52108.83323,49028.82739,51518.3881,55525.89725,61987.551,62818.96636,69601.68388,79068.97461,80886.61574,85267.76474
"Iran, Islamic Rep.",7781.405801,7927.844908,6018.3229,5585.525604,4904.327315,5253.42656,5520.314782,3598.483454,3114.622753,2282.551865
Iraq,6045.494567,6836.073995,7076.552265,6637.684375,4688.318017,4550.658638,5076.690795,5523.078375,5658.492267,4157.484495
Iceland,47714.59223,45995.54788,49804.983,54576.74481,52951.68151,61987.92636,72010.14903,74469.80406,68941.46223,59270.18005
Israel,33610.69403,32510.3453,36316.47837,37738.41607,35813.71341,37282.53056,40474.66813,41704.82857,43588.71315,43610.51623
Italy,38599.06221,35053.52624,35549.9747,35518.41529,30230.2263,30939.71425,32326.67421,34608.6756,33566.7873,31676.2021
Jamaica,5111.465987,5209.859264,4989.734089,4834.284009,4907.927415,4843.7499,5070.099503,5359.993789,5369.498371,4664.52915
Jordan,3852.890025,3910.346894,4044.426869,4131.44735,4164.108769,4175.356602,4231.51828,4308.151074,4405.487109,4282.765823
Japan,48760.07895,49145.28043,40898.6479,38475.39525,34960.63938,39400.73936,38891.08627,39808.16856,40777.6087,39538.87927
Kazakhstan,11634.0012,12386.69927,13890.63096,12807.26069,10510.77189,7714.841844,9247.581331,9812.626371,9812.595808,9055.745009
Kenya,971.6330365,1136.869893,1210.385435,1315.802225,1336.883265,1410.532025,1572.345734,1708.001428,1816.547124,1838.209968
Kyrgyz Republic,1123.883168,1177.974735,1282.437162,1279.769783,1121.082835,1120.666513,1242.769643,1308.139779,1374.031136,1173.611356
Cambodia,882.275614,950.880346,1013.420536,1093.495976,1162.904995,1269.591499,1385.260066,1512.126989,1643.121389,1512.727753
Kiribati,1734.902397,1788.690394,1715.813041,1642.822669,1542.616968,1584.737028,1640.57196,1698.329587,1655.050693,1670.824691
St. Kitts and Nevis,16539.76901,16046.48694,16685.94759,18051.17903,18028.97343,18810.55938,19158.7448,19276.52127,19773.46237,17435.92743
"Korea, Rep.",25096.26388,25466.76052,27182.73431,29249.57522,28732.23108,29288.87044,31616.8434,33422.94421,31846.21823,31489.1227
Kuwait,48631.7834,51979.12069,49388.05338,44062.34091,29869.55275,27653.15762,29759.46744,33399.06048,32373.25111,
Latin America & Caribbean (excluding high income),9821.029308,9674.39298,9829.36977,9775.879638,8241.120037,7930.715055,8743.84224,8395.074358,8213.078063,6733.112385
Lao PDR,1378.362016,1581.39614,1825.665672,1998.333108,2134.713062,2308.799808,2423.847598,2542.489769,2544.95255,2630.203774
Lebanon,7675.30894,7952.151239,7933.233249,7687.930519,7644.545147,7626.300196,7792.59886,8012.539237,7583.699146,4891.00147
Liberia,596.8966353,657.9357791,721.9295456,721.1822986,710.3840166,714.6233922,698.7023587,677.3223191,621.8929536,583.2717273
Libya,5554.180053,13025.27932,10363.80425,6466.908237,4337.919139,4035.196802,5756.699325,7877.12461,7685.948132,3699.228621
St. Lucia,8983.743733,9086.387955,9378.985047,9843.308534,10093.61802,10361.58388,11047.44499,11357.82657,11611.09784,9276.117829
Latin America & Caribbean,10204.05943,10198.20467,10339.76169,10432.98307,8630.986843,8351.83316,9187.383753,8893.376189,8692.727038,7202.581102
Least developed countries: UN classification,908.3956405,934.6189925,999.8769237,1054.990756,1013.738235,989.0838959,1056.269254,1067.621618,1097.289675,1071.136325
Low income,648.3855204,652.0905012,694.7025289,733.0746472,713.8173714,658.7134054,663.0940085,667.3655926,688.2790286,689.0895973
Liechtenstein,158130.4575,149010.2249,173030.2083,178864.8519,167313.2663,165642.3863,171253.9643,180366.7152,,
Sri Lanka,3200.861132,3350.521876,3610.289363,3819.25353,3843.780672,3886.291502,4076.747003,4058.803511,3851.56099,3682.038425
Lower middle income,2020.207967,2087.322877,2093.378612,2145.495731,2074.977957,2134.936109,2266.935303,2264.39294,2352.783694,2200.401758
Low & middle income,4144.438305,4358.138747,4565.17599,4660.548829,4369.455434,4340.285575,4707.86601,4929.895222,4998.016499,4745.251251
Lesotho,1287.269536,1229.636232,1166.911756,1194.575627,1146.064688,1018.931093,1102.94441,1192.48432,1113.37214,861.0145481
Late-demographic dividend,7497.818261,7973.238391,8541.808216,8812.840637,8214.149461,8184.507257,9026.353641,9842.632232,9983.135636,9754.888549
Lithuania,14376.94786,14367.70942,15729.65247,16551.0182,14258.22933,14998.12506,16843.69965,19166.81227,19555.21107,19997.59253
Luxembourg,115761.5077,106749.0136,113625.1329,118823.6484,101376.4966,104278.391,107361.3069,116597.2956,114685.1684,115873.6026
Latvia,13776.08878,13923.47398,15122.73528,15713.53697,13774.60527,14315.79289,15643.48563,17849.5593,17794.47862,17619.95239
"Macao SAR, China",66891.28197,76572.15179,89260.7571,93022.87514,74839.33204,73569.43369,81044.88998,87554.71386,86117.65543,
St. Martin (French part),,,,,,,,,,
Morocco,3046.947854,2912.658275,3121.680081,3171.699192,2875.257985,2896.722196,3035.454433,3226.982794,3230.409722,3009.24946
Monaco,169016.1961,157520.2194,177673.7454,189432.37,165989.5051,170028.6557,167517.0597,185978.6093,190512.7374,
Moldova,2942.255949,3045.739874,3322.038436,3328.801449,2732.457113,2880.439281,3509.69345,4230.363037,4494.018403,4551.130676
Madagascar,531.2654985,518.1529543,541.0660586,530.8611206,467.2355537,475.9556084,515.2933093,518.401123,526.2245722,495.4904009
Maldives,7291.465967,7265.723399,7928.476443,8499.307148,9033.459724,9209.399665,9577.702376,10276.77339,10626.43335,7455.855728
Middle East & North Africa,8159.105903,8719.035009,8482.431749,8356.541019,7209.637503,7111.266918,7254.614131,7395.130765,7360.953008,6535.942655
Mexico,10203.4213,10241.72783,10725.18359,10928.91601,9616.645558,8744.515559,9287.849587,9686.514244,9946.033829,8346.702379
Marshall Islands,3046.290071,3181.6247,3246.63025,3185.261354,3199.886846,3490.998389,3672.576783,3793.550983,4073.10983,
Middle income,4493.175313,4732.921507,4962.139483,5069.137762,4755.35979,4734.130971,5146.504264,5399.040431,5480.250809,5207.289024
North Macedonia,5063.885906,4697.196689,5210.153044,5468.126225,4843.492387,5132.997146,5432.414531,6087.468311,6022.24099,5888.004015
Mali,837.605821,778.6252695,805.0339796,848.279043,751.4728866,780.7235695,830.0215153,894.8047765,879.1227752,858.9158055
Malta,23155.55479,22527.63676,24771.07658,26754.26845,24921.60368,25741.44606,28250.69777,30672.29224,30186.19596,27884.64283
Myanmar,1061.923411,1035.80424,1121.942049,1140.76652,1144.474341,1158.434566,1257.803576,1279.089756,1477.355368,1400.218242
Middle East & North Africa (excluding high income),4437.612733,4811.196133,4422.859731,4273.622004,3766.083356,3760.793758,3647.173062,3360.10326,3365.511871,2942.09424
Montenegro,7328.932252,6586.721279,7189.295425,7388.147794,6517.163752,7033.604899,7803.411137,8850.094631,8910.651554,7686.092949
Mongolia,3757.565415,4351.888461,4366.089537,4158.521471,3918.587015,3660.151944,3669.406934,4134.979372,4339.844625,4007.308885
Northern Mariana Islands,13496.75078,13736.97197,14091.19118,15044.9359,16314.38355,21891.18479,27584.74351,22886.67405,20659.64029,
Mozambique,594.5861471,657.6446765,664.0775104,673.969212,589.85905,428.9266729,461.4150941,503.3179252,503.5706566,448.6074536
Mauritania,1879.772472,1815.218939,1892.094,1677.109019,1524.071753,1536.854888,1577.86437,1601.291932,1679.442605,1672.923535
Mauritius,9197.042991,9291.236379,9637.015729,10153.93269,9260.447303,9681.623107,10484.90583,11208.3273,11097.58693,8622.675515
Malawi,534.9510502,391.5617052,348.4298737,371.2695217,380.5969877,315.7779871,497.3104097,535.3513457,583.1102036,625.2941292
Malaysia,10399.37021,10817.43171,10970.1043,11319.06194,9955.242722,9817.78709,10259.30481,11377.6542,11414.20269,10401.79401
North America,50123.85358,51717.78701,53068.03255,54648.01934,55542.96607,56451.5175,58605.34429,61381.71985,63341.78364,61454.84677
Namibia,5806.748245,5942.29274,5392.09494,5469.901401,4896.61526,4546.986687,5367.114673,5587.985613,5037.342629,4211.050929
New Caledonia,,,,,,,,,,
Niger,512.595335,529.7444581,552.569139,564.5967488,484.2386326,498.1053379,517.9770442,572.4301385,553.8949553,565.0613331
Nigeria,2487.598017,2723.822191,2961.549422,3098.985791,2687.480056,2176.002772,1968.565398,2027.778549,2229.858652,2097.092473
Nicaragua,1655.818055,1760.467407,1811.636803,1934.062922,2049.851666,2107.57406,2159.161926,2014.570287,1926.699694,1905.256756
Netherlands,54159.34661,50073.00566,52184.06185,52830.17423,45175.23189,46007.85292,48554.99228,53018.62936,52476.27325,52397.11671
Norway,100600.5624,101524.1419,102913.4508,97019.18275,74355.51586,70460.56053,75496.75406,82267.80932,75826.08188,67389.91205
Nepal,799.5833769,804.1416073,823.3598746,844.8531248,901.7496077,899.523581,1048.453755,1178.525932,1194.956876,1155.142854
Nauru,6560.27487,9562.667866,9648.495655,10171.48073,8365.07289,9555.79043,10360.77731,11614.66508,10983.22465,
New Zealand,38387.62708,39973.38076,42976.64959,44572.89875,38630.72659,40080.49411,42992.89527,43306.07,42755.21626,41477.94492
OECD members,37415.27994,37159.4861,37412.16607,37943.69387,35593.40552,36049.90764,37378.929,39339.00803,39509.57109,38093.53288
Oman,20876.58504,21872.61054,20865.78787,20035.21731,16033.46383,14609.98176,15127.88819,16521.20623,15343.0435,
Other small states,14895.98153,15212.35547,15552.76492,15752.12691,12808.34229,12403.57855,13240.29865,14399.54117,13808.44241,11809.88942
Pakistan,1164.978823,1198.117637,1208.91771,1251.175719,1356.667831,1368.426961,1464.926195,1482.213067,1284.702047,1193.733397
Panama,9358.261574,10722.25235,11889.07056,12796.05753,13630.32287,14343.98139,15146.40237,15544.73352,15727.97449,12269.049
Peru,5869.323882,6528.971775,6756.752996,6672.877373,6229.100674,6204.996457,6710.507602,6957.793411,7027.612207,6126.87454
Philippines,2450.735694,2694.305109,2871.429701,2959.645435,3001.043182,3073.654686,3123.245642,3252.110274,3485.340844,3298.829851
Palau,11094.83322,12044.10547,12561.33614,13711.7617,15876.46193,16653.42589,16065.29283,15657.17715,14907.77735,
Papua New Guinea,2406.910967,2790.676303,2729.888751,2920.782986,2679.346579,2509.629637,2695.249009,2801.371393,2829.167085,2636.800249
Poland,13879.56099,13097.27085,13696.4663,14271.30585,12578.49547,12447.43959,13864.68176,15468.40941,15694.84082,15656.18273
Pre-demographic dividend,1571.683839,1674.75933,1782.327163,1825.076849,1562.367213,1395.224982,1417.394779,1450.815035,1482.795794,1344.071538
Puerto Rico,27278.88305,27944.73389,28513.16574,28981.45733,29763.4883,30627.1634,31108.75275,31604.70151,32850.54861,32290.92114
"Korea, Dem. People's Rep.",,,,,,,,,,
Portugal,23186.91313,20564.88986,21647.04181,22074.30076,19242.36647,19978.40121,21437.3475,23551.04829,23284.52723,22437.07801
Paraguay,5329.387437,5185.141549,5936.975959,6118.31811,5413.776021,5324.609068,5678.869972,5782.78455,5380.963322,4949.7497
West Bank and Gaza,2880.798437,3067.438727,3315.297539,3352.112595,3272.154324,3527.613824,3620.360487,3562.330943,3656.858271,3239.731108
Pacific island small states,3440.720461,3608.92391,3702.149345,3970.784808,3832.438806,3962.439848,4220.736436,4336.985308,4268.838313,3626.290589
Post-demographic dividend,42456.70474,42231.40052,42459.00458,43135.27197,40669.47765,41414.14202,42998.8964,45451.87719,45769.58387,44343.10152
French Polynesia,,,,,,,,,,
Qatar,82409.94164,85075.98654,85050.68435,83858.34046,63039.11263,57162.96801,59124.86727,65907.94843,62087.97413,50805.46357
Romania,9099.217539,8507.104775,9547.852151,10043.67745,8969.148921,9548.587403,10807.00917,12398.98198,12889.80961,12896.08862
Russian Federation,14311.08432,15420.87454,15974.64463,14095.64874,9313.013625,8704.898413,10720.33266,11287.35528,11497.64925,10126.72179
Rwanda,668.4946722,725.1697703,722.8943285,743.559038,751.0773926,744.7607488,772.3169891,783.6371628,820.1492886,797.8555543
South Asia,1368.944608,1366.115421,1383.560005,1496.00791,1543.489948,1652.196,1867.505482,1894.169093,1959.342256,1804.917623
Saudi Arabia,23745.88058,25243.602,24845.12466,24464.21256,20627.92693,19878.76384,20802.46631,23337.01755,23139.79798,20110.31619
Sudan,1437.779831,1332.914187,1381.489462,1625.463728,1656.905841,1325.156019,1103.000026,825.8689411,753.2821741,595.467833
Senegal,1366.774501,1317.779802,1372.665779,1396.657339,1219.249415,1269.903294,1361.701972,1458.069093,1430.148259,1487.757309
Singapore,53890.42873,55546.48854,56967.42579,57562.53079,55646.61875,56848.17539,61176.45636,66679.04649,65640.70795,59797.75218
Solomon Islands,1938.891187,2141.821522,2248.614935,2274.887866,2167.119928,2225.486842,2332.844216,2411.862926,2344.231634,2258.400365
Sierra Leone,448.3376621,566.3782351,716.8358269,714.6997957,588.2288628,501.4151655,499.3809746,533.9915333,527.5341745,484.5212675
El Salvador,3266.012588,3428.409332,3509.528132,3589.041296,3705.579704,3805.995686,3910.255969,4052.624775,4167.730939,3798.636521
San Marino,57297.51331,49988.46363,51570.98395,50817.33082,42662.90265,43828.23246,45399.02906,48996.59225,47731.20854,
Somalia,,,297.9553578,295.2666099,293.4551719,295.9673926,309.0543803,314.542678,320.0381483,309.4154546
Serbia,6809.159804,6015.945228,6755.073675,6600.056809,5588.980728,5765.200762,6292.543629,7252.401858,7411.558649,7666.244476
Sub-Saharan Africa (excluding high income),1742.019018,1777.606336,1841.643333,1862.423665,1659.220909,1508.855304,1564.738398,1597.358963,1599.592575,1484.640636
South Sudan,1516.404378,1179.739711,1779.470365,1322.820364,1119.651437,,,,,
Sub-Saharan Africa,1743.041449,1778.589871,1842.87605,1863.63405,1660.449109,1510.112096,1566.048628,1598.687744,1600.881015,1485.500194
Small states,13208.0489,13520.64302,13817.62114,14010.7252,11755.34528,11362.50465,12064.02084,13038.10426,12612.72433,10854.98333
Sao Tome and Principe,1254.541598,1330.620114,1564.768548,1770.467688,1584.775657,1700.097997,1813.807434,1953.513257,1987.579702,2157.840446
Suriname,8263.203803,9200.974786,9402.164419,9471.922001,9168.237157,5872.789429,6295.560562,6938.086981,7261.16561,6491.139065
Slovak Republic,18361.56948,17481.89544,18260.01577,18674.34406,16310.98841,16508.67036,17504.21134,19364.6201,19273.25395,19156.88961
Slovenia,25095.13229,22643.10025,23496.6025,24214.92207,20881.76693,21663.64341,23455.94473,26104.10279,25942.95477,25517.33067
Sweden,60755.75955,58037.82132,61126.9432,60020.36046,51545.48361,51965.15715,53791.50873,54589.06039,51939.42974,52259.29738
Eswatini,4496.612962,4527.681573,4230.328486,4038.55354,3679.819798,3425.528759,3914.421839,4105.897212,3894.66963,3415.459446
Sint Maarten (Dutch part),27997.28983,28460.33262,27942.88054,33043.68838,32274.89055,31616.6817,29369.05683,29160.10381,,
Seychelles,12189.09516,12006.68296,14765.67398,14700.33434,14745.34146,15068.62035,15906.08391,16390.82491,16198.51748,11425.09293
Syrian Arab Republic,,,,,,,,,,
Turks and Caicos Islands,21839.00992,21345.02598,21715.31397,23778.51913,26183.88504,28241.47929,27545.12879,29553.1367,31350.86663,23879.92665
Chad,984.7361305,967.3529488,979.8117426,1020.287979,776.0197523,693.4497674,665.9488849,726.1510071,709.5400432,614.4651899
East Asia & Pacific (IDA & IBRD countries),4907.543722,5432.816401,5953.112445,6370.399755,6588.031586,6679.251594,7248.229616,8051.812548,8280.234696,8378.63094
Europe & Central Asia (IDA & IBRD countries),10017.72511,10406.48496,10973.16488,10319.43686,8008.230261,7665.383797,8553.532336,8868.02881,9002.297601,8368.476616
Togo,587.0974928,571.8067239,621.3988536,640.9342196,570.9099672,803.1518934,830.7452767,901.5230169,893.3524541,914.9505826
Thailand,5492.1215,5860.581471,6168.261356,5951.883487,5840.053067,5993.305516,6593.818352,7296.879608,7817.011522,7189.041835
Tajikistan,847.3824321,969.2961039,1048.225602,1104.172358,978.4049812,807.1025861,848.6723799,853.2188734,890.5444024,859.1379611
Turkmenistan,5649.962106,6675.178055,7304.285771,7962.244925,6432.685325,6387.682575,6587.092604,6967.375043,7612.03518,
Latin America & the Caribbean (IDA & IBRD countries),10139.62059,10123.72578,10261.55107,10350.15899,8482.600451,8186.540242,9035.982006,8730.546509,8512.739534,7026.635943
Timor-Leste,947.5107667,1013.042872,1210.03999,1232.453997,1332.791772,1353.746815,1286.406785,1230.22528,1560.508615,1381.17566
Middle East & North Africa (IDA & IBRD countries),4455.70709,4831.59803,4435.89208,4284.523915,3771.953509,3763.573191,3647.483076,3357.641822,3361.91299,2938.378024
Tonga,4002.813771,4581.783245,4428.146521,4354.24436,4336.239603,4157.877249,4513.432531,4740.700272,4903.012138,
South Asia (IDA & IBRD),1368.944608,1366.115421,1383.560005,1496.00791,1543.489948,1652.196,1867.505482,1894.169093,1959.342256,1804.917623
Sub-Saharan Africa (IDA & IBRD countries),1743.041449,1778.589871,1842.87605,1863.63405,1660.449109,1510.112096,1566.048628,1598.687744,1600.881015,1485.500194
Trinidad and Tobago,19034.12071,19157.45977,20143.54541,20270.93377,18214.46062,16250.62869,16173.74005,17037.86236,16637.16294,15384.03946
Tunisia,4264.678122,4152.684394,4222.70514,4305.482357,3861.6924,3697.938729,3481.241106,3438.805067,3351.573443,3319.819024
Turkey,11420.55546,11795.63346,12614.78161,12157.99043,11006.27952,10894.60338,10589.66772,9453.196172,9126.594392,8538.16906
Tuvalu,3643.121608,3506.308144,3457.376266,3398.39675,3197.772252,3253.899536,3574.065288,3701.709255,4055.89561,4143.109753
Tanzania,781.4338957,867.8574989,970.3996014,1030.077648,947.9333517,966.5030166,1004.906588,1042.838759,1085.884861,1076.470385
Uganda,828.9941128,786.738711,806.6119363,879.7349486,843.6295453,733.3971317,746.8307512,770.2570601,794.4514454,817.0357569
Ukraine,3569.758121,3855.417729,4029.711252,3104.643206,2124.662319,2187.73051,2640.675677,3096.817402,3662.563087,3726.927149
Upper middle income,7552.604624,8031.697227,8566.499744,8769.654809,8173.055438,8072.015628,8870.349295,9483.693306,9589.037874,9191.680733
Uruguay,14236.715,15171.58017,16973.68924,16831.94819,15613.74597,16715.63347,18690.89384,18703.86029,17688.01501,15438.41167
United States,49882.55813,51602.93105,53106.53677,55049.98833,56863.3715,58021.4005,60109.65573,63064.41841,65279.52903,63543.57779
Uzbekistan,1926.292997,2137.025122,2281.410973,2492.336643,2615.025134,2567.799207,1826.566919,1529.082864,1719.05721,1685.764947
St. Vincent and the Grenadines,6242.252962,6390.310632,6639.484897,6684.377547,6921.702479,7074.548765,7213.025857,7361.400962,7457.239776,7297.91235
"Venezuela, RB",10955.53801,12986.22269,12457.7686,16055.64532,,,,,,
British Virgin Islands,,,,,,,,,,
Virgin Islands (U.S.),39144.88872,37850.77827,34820.11459,33573.71943,34796.49436,36022.54548,36287.87949,37233.29689,,
Vietnam,1525.119025,1735.152116,1886.69017,2030.278447,2085.101349,2192.174482,2365.521615,2566.447487,2715.27598,2785.724157
Vanuatu,3173.822022,2997.293432,2954.774511,2926.67996,2695.666186,2805.66532,3082.475083,3125.404999,3102.34679,2782.98434
World,10494.83677,10609.77086,10784.66484,10951.8086,10223.00396,10267.63884,10801.43975,11345.34998,11394.86113,10909.28705
Samoa,3933.459357,4022.177848,4037.615168,3937.779197,4073.729164,4109.059523,4259.634172,4188.571058,4324.101774,4067.47263
Kosovo,3741.875052,3596.804655,3891.266363,4080.330717,3603.025501,3780.003689,4045.614209,4419.914327,4445.890702,4287.200903
"Yemen, Rep.",1374.621401,1446.536472,1607.152173,1674.002572,1601.830063,1138.603723,960.528848,824.117718,,
South Africa,8007.476439,7501.661096,6832.725546,6433.400402,5734.633422,5272.543648,6131.47945,6372.605655,6001.401121,5090.715025
Zambia,1672.907535,1763.069442,1878.346811,1762.427817,1338.290927,1280.806543,1535.196574,1516.3711,1305.002214,1050.919283
Zimbabwe,1093.653409,1304.968011,1429.998461,1434.896277,1445.069702,1464.588957,1335.665064,1352.162653,1156.154864,1128.210711
